cluster_id,num_comments,reranked_keywords
0,110,"standard voice, 4o 41, voice mode, svm, avm, bring 41, cancel, service chatbot, model standard, 41 standard"
1,86,"gpt5, gpt, output, code, problem, error, gpt5 review, gpt5 problem, acknowledging error, project instructions"
2,928,"models, models settings, legacy models, old models, model picker, anymore, default, remove models, option, access"
3,69,"gpt4o, openai, legacy, gpt5, legacy models, access, option, restore, new, pro"
4,66,"comments, people, response, questions, negative, feedback, didnt, thats, reddit, slip"
5,225,"window, context window, 32k, use, plus users, chatgpt, tokens, memory, conversation, api"
6,76,"chatgpt, chat, models, gpt, chat gpt, time, gpt5, does, choice, new"
7,94,"4o, gpt4o, gpt5, support, gpt, choose, connection, trust, feel, warmth"
8,69,"chatgpt, research, questions, censorship, age verification, 18 mode, verification, filter, age, users"
9,180,"people, friend, need, like, emotional, talk, relationships, life, companion, relationship"
